original_image_id,n_patches,live_probability,algae_probability,degraded_probability,other_probability,mean_confidence,live_relative,algae_relative,degraded_relative,ecological_risk,ecological_status,dominant_class
HAR326_22A_IMG_3835 (19).JPG,10,0.005637133987,0.013171715550000001,0.8878066184,0.093384526483,0.9695983739999999,0.006217778235848429,0.014528447694244299,0.9792537630398727,0.9865179868869948,Degraded,Substrate_degraded
TydemaniaforTrainingHAR326IMG_3835 (11).JPG,10,0.017514145866,0.037221074072,0.7263048569999999,0.21895994080538,0.9117998890000001,0.022424131819741407,0.04765577938249239,0.929920075994326,0.9537479656855722,Degraded,Substrate_degraded
IMSHE002_10A_IMG_2040.JPG,10,0.021440951757700003,0.054566362180240004,0.9077223350000001,0.016270346228560002,0.9077223350000001,0.02179557316676637,0.05546885944167959,0.9227355572261595,0.9504699869469994,Degraded,Substrate_degraded
HAR330_20A_IMG_3247 (5).JPG,10,0.012985450991,0.06874066273999999,0.8703924735999999,0.0478814138733,0.9182641979999999,0.013638480571014057,0.07219758434789042,0.9141639245782022,0.9502627167521474,Degraded,Substrate_degraded
Tydemaniafortraining_IMG_3285 (13).JPG,10,0.009733365687000001,0.07575770218300001,0.77058206902,0.14392685543099998,0.8715936750000001,0.011369782736860774,0.08849442650808248,0.9001357790738118,0.944382992327853,Degraded,Substrate_degraded
HAR330_20A_IMG_3247 (13).JPG,10,0.0268283791614,0.062410661436000006,0.856143225,0.054617751345600006,0.857835479,0.02837833948647575,0.06601632275849666,0.9056053271772958,0.9386134885565441,Degraded,Substrate_degraded
HAR326_22A_IMG_3835 (20).JPG,10,0.009983983140399999,0.108909557633,0.8444311819999999,0.036675261595,0.8679549559999999,0.010364088869239592,0.11305591347109997,0.8765799872789449,0.9331079440144949,Degraded,Substrate_degraded
HAR319_22A_IMG_3286 (10).JPG,10,0.016484951275,0.163308604641,0.810731805,0.009474626961,0.810731805,0.01664263405969637,0.16487069330690485,0.8184866625377462,0.9009220091911986,Degraded,Substrate_degraded
HAR326_22A_IMG_3835 (10).JPG,10,0.035904436314999996,0.1086943542425,0.74263238,0.1127688065944,0.850946757,0.040467960438945696,0.12250961939164591,0.8370224088983887,0.8982772185942117,Degraded,Substrate_degraded
IMSHE003_10A_IMG_1445.JPG,8,0.0638598236275,0.060296219940625,0.7556717575,0.120172183115,0.83375091125,0.07258218349562416,0.06853184132407046,0.8588859638144449,0.8931518844764802,Degraded,Substrate_degraded
HAR326_22A_IMG_3835 (13).JPG,9,0.01504407069488889,0.18926101989333333,0.7631042333333333,0.032590683065555556,0.8602266166666667,0.015550884374771569,0.19563695868648706,0.7888121466018553,0.8866306259450988,Degraded,Substrate_degraded
SLPK22_05B_IMG_1141.JPG,10,0.0440950633661,0.15448235120976,0.786028848,0.015393755519,0.819394402,0.04478446318520955,0.15689758994284464,0.7983179367156018,0.8767667316870241,Degraded,Substrate_degraded
HAR319_22A_IMG_3286 (20).JPG,10,0.034291970818,0.15572117826499998,0.683428987,0.1265578579186,0.788898239,0.03926072376033633,0.17828447935944042,0.7824547854312679,0.8715970251109881,Degraded,Substrate_degraded
IMSHE003_5B_IMG_1534.JPG,10,0.060125883485999995,0.1098687407376,0.69718231,0.132823056322,0.775892429,0.069335196105602,0.126697027024822,0.803967765337904,0.867316278850315,Degraded,Substrate_degraded
HAR319B_22A_IMG_3799 (19).JPG,10,0.05823912448,0.12617551144800002,0.700948083,0.1146372790919,0.747738851,0.06577995953197184,0.1425127886293268,0.7917072405438956,0.862963634858559,Degraded,Substrate_degraded
IMSHE002_10B_IMG_2087.JPG,10,0.029547766359999998,0.20239646292,0.7186213450000001,0.0494343933896,0.7832131170000001,0.031084405798660137,0.21292214473902282,0.7559934389422643,0.8624545113117758,Degraded,Substrate_degraded
HAR326_22A_IMG_3835 (7).JPG,8,0.06843902335,0.140846455102875,0.6685181325,0.12219641489875001,0.75383572625,0.07796621216452485,0.16045326282657968,0.7615805136168257,0.8418071450301154,Degraded,Substrate_degraded
IMSHE007_10A_IMG_4041.JPG,10,0.058793834059999994,0.1887486675,0.716121796,0.0363356833936,0.7246134590000001,0.06101070009417086,0.1958655789357935,0.743123710592978,0.8410565000608747,Degraded,Substrate_degraded
IMSHE002_10A_IMG_2059.JPG,10,0.075145788515,0.16897722235,0.739534258,0.0163427128586,0.751184378,0.07639427891156106,0.17178465099650925,0.7518210599257873,0.837713385424042,Degraded,Substrate_degraded
HAR319_22A_IMG_3286 (1).JPG,10,0.043459589503,0.140144595106,0.4863607935,0.3300350187507,0.773567874,0.06486844876127965,0.20918196860042357,0.7259495677121436,0.8305405520123553,Degraded,Substrate_degraded
HAR319B_22A_IMG_3799 (12).JPG,9,0.01893366911888889,0.2717554137888889,0.5773010088888889,0.13200990575755556,0.7578730777777778,0.021813231602178157,0.31308584421225305,0.6651009126647,0.8216438347708265,Degraded,Substrate_degraded
IMSHE007_10B_IMG_4054.JPG,8,0.08597022275,0.15206471925,0.5590284163125,0.20293661513087502,0.72493863375,0.1078587050512829,0.19078121677068577,0.7013600656319774,0.7967506740173202,Degraded,Substrate_degraded
IMUAS001_05A_IMG_8712.JPG,10,0.107070084592,0.152995631796,0.6321463727000001,0.107787912575,0.850343749,0.12000519237684035,0.1714789924418071,0.7085158039732552,0.7942553001941588,Degraded,Substrate_degraded
IMSHE007_10A_IMG_4040.JPG,10,0.11016055485000001,0.1158076754,0.582391228,0.191640530607,0.696186055,0.13627669270514542,0.14326259535341318,0.7204606995707072,0.7920919972474139,Degraded,Substrate_degraded
HAR319B_22A_IMG_3799 (6).JPG,10,0.0953112159,0.1435710375,0.563148942,0.19796880467,0.659686058,0.11883729119051555,0.17900929107664368,0.7021534052644979,0.7916580508028197,Degraded,Substrate_degraded
IMSHE003_10A_IMG_1440.JPG,8,0.1475921904625,0.042269584137499996,0.60043052125,0.2097076943125,0.7138443675,0.18675645627570298,0.053486012485009435,0.7597575185857416,0.7865005248282463,Degraded,Substrate_degraded
COSA01_PORTA_IMG_1621_20220317.JPG,10,0.0550159541,0.1839231576,0.442080593,0.3189803082,0.609385556,0.08078467173925413,0.2700702397154847,0.6491450738613985,0.7841801937191408,Degraded,Substrate_degraded
COSA03_STERNA_IMG_8577.JPG,10,0.04952526778,0.321545039,0.58406285,0.04486686828500001,0.618598719,0.05185168885608112,0.3366494329623283,0.6114988677118463,0.7798235841930103,Degraded,Substrate_degraded
IMSHE007_5A_IMG_9767.JPG,10,0.05368882275,0.2361666917,0.4902699027,0.21987458017,0.612347674,0.0688207573827444,0.30272912980516226,0.6284500999936418,0.7798146648962229,Degraded,Substrate_degraded
IMSHE002_10B_IMG_2078.JPG,10,0.11478454984,0.1423546607,0.5561221284,0.1867386342124,0.7998746139999999,0.14114103662938057,0.17504171430935972,0.6838172367650894,0.7713380939197693,Degraded,Substrate_degraded
IMSHE002_10B_IMG_2090.JPG,10,0.11178343449999999,0.24387621529999998,0.6431026639899999,0.001237701023,0.8319041009999999,0.11192195764435303,0.24417842913273274,0.6438996032105221,0.7659888177768884,Degraded,Substrate_degraded
IMSHE007_10B_IMG_4071.JPG,10,0.053347101200000004,0.347426275,0.564960134,0.03426649629,0.655859797,0.05523998088929543,0.35975377030306377,0.5850062384528174,0.7648831236043493,Degraded,Substrate_degraded
COSA01_STARBOARDA_IMG_8453.JPG,10,0.06071481489999999,0.2805510107,0.49557848799999993,0.16315567561000002,0.595053826,0.0725521022103758,0.33524874673595745,0.5921991391040129,0.7598235124719916,Degraded,Substrate_degraded
IMSHE002_5B_IMG_8451.JPG,10,0.09332284119,0.223271915,0.5304982165000001,0.152907029045,0.676046228,0.11016835589128258,0.26357427054936183,0.626257361754276,0.7580444970289569,Degraded,Substrate_degraded
HAR319_22A_IMG_3286 (15).JPG,9,0.03242562738888889,0.39015075655555553,0.505661285,0.071762333506,0.8351300722222222,0.03493246193772488,0.4203134233887378,0.5447541039004344,0.7549108155948033,Degraded,Substrate_degraded
COSA01_PORTA_IMG_8500.JPG,10,0.0402424681,0.3269377785,0.4561207241,0.17669902981000002,0.757388912,0.04887941232109842,0.3971060233913796,0.5540145521412956,0.7525675638369854,Degraded,Substrate_degraded
HAR319_22A_IMG_3286 (19).JPG,9,0.07138623247777778,0.27408128955555555,0.46944859600000005,0.18508387874444443,0.7001523644444444,0.08759948419484195,0.33633067272457334,0.5760698308093832,0.7442351671716699,Degraded,Substrate_degraded
COSA01_PORTA_IMG_1620_20220317.JPG,10,0.13355188235999998,0.2509440966,0.6081995507,0.0073044657915000005,0.79687984,0.13453458489975864,0.25279059547900135,0.6126748095476579,0.7390701072871585,Degraded,Substrate_degraded
HAR330_20A_IMG_3247 (20).JPG,8,0.0347053780625,0.42454673249999997,0.46926967750000004,0.071478202655,0.7025129525,0.03737702026481012,0.457228611526278,0.5053943574391054,0.7340086632022444,Degraded,Substrate_degraded
Tydemaniafortraining_IMG_3285 (22).JPG,9,0.05804747638444444,0.34641703904000004,0.4628648859333333,0.132670591949,0.7118883033333333,0.0669266781736052,0.3994065397801911,0.5336667705165589,0.7333700404066544,Degraded,Substrate_degraded
IMSHE003_10A_IMG_1444.JPG,10,0.1496112289,0.21634363809999999,0.593010465,0.041034647949999996,0.667924538,0.1560131762300957,0.22560110217205323,0.6183857111699455,0.731186262255972,Degraded,Substrate_degraded
IMSHE009_5B_IMG_1628.JPG,10,0.1543990242,0.1295616361,0.5286121177,0.18742719533000002,0.682060949,0.1900125459283778,0.15944619117616818,0.6505412505888641,0.7302643461769482,Degraded,Substrate_degraded
COSA01_PORTA_IMG_8502.JPG,10,0.0322361972,0.4755386155,0.478985713,0.013239455315999998,0.649107246,0.03266871346565547,0.48191896442499765,0.4854123119751757,0.7263717941876745,Degraded,Substrate_degraded
SLPK22_05A_IMG_1148.JPG,10,0.18753473729999998,0.13011706756,0.589230579,0.09311762275600001,0.642782327,0.20679058119299057,0.14347733337966512,0.6497320744005561,0.7214707410903887,Degraded,Substrate_degraded
COSA01_PORTA_IMG_1638_20220317.JPG,10,0.035187656639999995,0.44554732399999997,0.4191218114,0.10014321456,0.6642461,0.03910361799813994,0.4951313620010783,0.46576500888790234,0.7133306898884415,Degraded,Algae
HAR326_22A_IMG_3835 (5).JPG,8,0.008825002953750001,0.54387848440125,0.426138934125,0.021157626806375,0.8022978875,0.009015754395124335,0.5556343563681757,0.435349879020551,0.7131670572046389,Degraded,Algae
IMSHE007_10A_IMG_4023.JPG,10,0.05069026974,0.23774763655000003,0.29081499590000004,0.42074709733300003,0.733909135,0.08750973654729445,0.41043839667743726,0.5020518495116518,0.7072710478503704,Degraded,Other_background
Tydemaniafortraining_IMG_3285 (21).JPG,9,0.12018463862222221,0.2391858887111111,0.4367095438111111,0.20391995000000002,0.5813999322222222,0.15097053860391133,0.30045455774657437,0.5485748910879639,0.698802169961251,Degraded,Substrate_degraded
SLPK22_05A_IMG_1158.JPG,10,0.1490944002,0.12642443944999998,0.4130975383,0.31138363879000003,0.586605005,0.21651300028431159,0.1835919703078277,0.5998950148859872,0.691691000039901,Degraded,Substrate_degraded
COSA01_PORTA_IMG_8485.JPG,10,0.14883015115,0.2058825069,0.45475388399999994,0.19053348747,0.6686974250000001,0.1838620147714354,0.25434343936583415,0.5617945335089154,0.6889662531918325,Degraded,Substrate_degraded
COSA01_PORTA_IMG_8499.JPG,10,0.0646189903,0.34679207889999997,0.3497852286,0.23880370604499998,0.616790509,0.08489136066195721,0.4555882304556811,0.459520395745146,0.6873145109729866,Degraded,Substrate_degraded
IMSHE003_5B_IMG_1532.JPG,9,0.22540588157811112,0.06436960626888888,0.5310330673,0.17919143821433334,0.86407298,0.2746144364828147,0.07842219124182849,0.646963360092248,0.6861744557131623,Degraded,Substrate_degraded
IMSHE002_5B_IMG_8452.JPG,10,0.14234049883,0.26286915909999997,0.461627964,0.13316238119999999,0.654651909,0.16420664445898728,0.30325074664182033,0.5325425973630065,0.6841679706839167,Degraded,Substrate_degraded
COSA01_STARBOARDA_IMG_8455.JPG,10,0.17865329221999998,0.245846222,0.530292133,0.045208346337,0.604312602,0.1871123306001356,0.2574867722617238,0.5554008866646515,0.6841442727955134,Degraded,Substrate_degraded
HAR326_22A_IMG_3835 (4).JPG,8,0.1070600730375,0.4025485625475,0.45903624875000004,0.03135514421125,0.68850943375,0.11052561538663713,0.4155790887886319,0.4738952855010301,0.6816848298953461,Degraded,Substrate_degraded
IMUAS001_05A_IMG_8708.JPG,10,0.01465277051,0.49740947069999997,0.31253758193,0.175400172847,0.777193002,0.017769553086378398,0.6032131595344988,0.3790172752520283,0.6806238550192777,Degraded,Algae
IMSHE002_5A_IMG_8415.JPG,9,0.1382796911111111,0.17868840833333333,0.3937913241111111,0.28924057813888887,0.6884666755555555,0.19455203066299176,0.2514049056506351,0.5540430496169151,0.6797455024422326,Degraded,Substrate_degraded
IMSHE007_10B_IMG_4070.JPG,10,0.19612177932,0.15590422533,0.49302456440000003,0.154949454486,0.70852058,0.2320828885064829,0.18449099875804645,0.5834261009018593,0.6756716002808826,Degraded,Substrate_degraded
IMSHE007_10B_IMG_4063.JPG,10,0.1396306381,0.28288996860000004,0.4387370088,0.13874241061,0.564546026,0.16212412403192128,0.3284614965652923,0.5094143677918588,0.673645116074505,Degraded,Substrate_degraded
RWA020_10C_IMG_3464.JPG,10,0.10472986234000001,0.4023014013,0.429631856,0.0633368724166,0.651151569,0.11181166315391554,0.4295048972992262,0.45868342887066127,0.6734358775202743,Degraded,Substrate_degraded
IMSHE004_5A_IMG_2132.JPG,9,0.19262481464444445,0.26048766056666667,0.5335821753333333,0.013305355612222222,0.6603137522222222,0.19522231379883695,0.264000273826285,0.5407774022400305,0.672777539153173,Degraded,Substrate_degraded
COSA01_PORTA_IMG_1645_20220317.JPG,10,0.0813836322,0.470305516,0.413383608,0.034927237382,0.6101948700000001,0.0843290112935735,0.4873264819727953,0.4283444963717183,0.6720077373581159,Degraded,Algae
RWA064_05A_IMG_2491.JPG,9,0.14990999400000002,0.2763748668888889,0.4489600733333334,0.12475508453333332,0.652170251111111,0.17127776057388827,0.3157685956523709,0.5129536323483675,0.6708379301745531,Degraded,Substrate_degraded
DAMAGE1_A_IMG_8694.JPG,10,0.08672495035000001,0.42920104099999995,0.393017002,0.09105701808899999,0.5592429959999999,0.09541296872341452,0.4721979699696645,0.432389050305131,0.6684880352899633,Degraded,Algae
IMUAS004_SLP004_5BIMG_4772.JPG,7,0.07720506071428572,0.4043435,0.3442345782857143,0.17421687714857143,0.5758105585714286,0.09349314139889975,0.48964852393712377,0.41685832255425964,0.6616825845228216,Degraded,Algae
COSA01_STARBOARDA_IMG_8462.JPG,10,0.10045041191,0.3078324555,0.332980232,0.25873690432700003,0.726456439,0.13551249297965517,0.41528095974587986,0.4492065337839783,0.6568470136569182,At_risk,Substrate_degraded
COSA01_STARBOARDA_IMG_8457.JPG,8,0.1246563518125,0.3421308818375,0.38116244625,0.152050309155,0.60119216,0.14700913662366089,0.40348016623232447,0.4495106853508621,0.6512507684670243,At_risk,Substrate_degraded
HAR326_22A_IMG_3835 (18).JPG,8,0.0612562405125,0.5073049609125,0.32503334500000003,0.106405432375,0.64604142125,0.06855037340152068,0.5677126805047613,0.3637369349029604,0.647593275155341,At_risk,Algae
SLPK22_05A_IMG_1154.JPG,10,0.1947713822,0.13183905655,0.4096708704,0.26371868730000003,0.579772179,0.2645339181290839,0.1790607110638113,0.5564053572253396,0.6459357127572453,At_risk,Substrate_degraded
DAMAGE1_A_IMG_8687.JPG,10,0.04803392620000001,0.43216954486,0.25929684759000005,0.26049969802,0.761964883,0.06495457045663343,0.5844075088498609,0.3506379071708612,0.6428416615957917,At_risk,Algae
SLPK22_05B_IMG_1125.JPG,10,0.2084205997,0.1520186264,0.433844327,0.205716419163,0.6593165209999999,0.2624007462606398,0.19139087532755716,0.5462083658218407,0.6419038034856193,At_risk,Substrate_degraded
IMSHE007_5B_IMG_9737.JPG,10,0.11902843059999998,0.451050126,0.3787426903,0.051178757385999994,0.66067325,0.12544873940629353,0.47537944867896015,0.39917180137535346,0.6368615257148336,At_risk,Algae
COSA01_PORTA_IMG_8488.JPG,10,0.2842304465,0.0036974300978,0.4973342081,0.21473793341800002,0.865538197,0.3619561524988458,0.0047085299580427575,0.6333353048085097,0.6356895697875311,At_risk,Substrate_degraded
RWA020_10B_IMG_3497.JPG,10,0.17079061084,0.34363445859999997,0.4236653,0.061909596872000004,0.635651086,0.18206200019016794,0.3663127414281075,0.4516252477217708,0.6347816184358246,At_risk,Substrate_degraded
COSA01_STARBOARDA_IMG_1553_20220317.JPG,10,0.10623553370000001,0.423834217,0.332269438,0.137660812535,0.54055745,0.1231946012197439,0.491493622972192,0.3853117642116991,0.6310585756977951,At_risk,Algae
IMUAS004_SLP004_10A_IMG_0653.JPG,7,0.09484661200000001,0.4529508585714286,0.3176722564285714,0.13453026062857143,0.7543708028571429,0.10958974987244413,0.523358402041305,0.3670518365318317,0.6287310375524842,At_risk,Algae
HAR330_20A_IMG_3247 (6).JPG,10,0.1243207065,0.42330192699999997,0.356819276,0.09555808805999999,0.5339093389999999,0.13745571033320508,0.46802555020228687,0.39451872840796604,0.6285315035091095,At_risk,Algae
IMSHE009_5A_IMG_1573.JPG,10,0.2378954801,0.236945125,0.46244066660000005,0.06271873986,0.618749684,0.2538143935495175,0.2528004448891151,0.4933851508922116,0.6197853733367691,At_risk,Substrate_degraded
COSA01_PORTA_IMG_1637_20220317.JPG,10,0.13059507696,0.3903667776,0.3336496645,0.14538849846,0.54604692,0.15281221060011146,0.45677686799916006,0.3904109096995055,0.6187993436990855,At_risk,Algae
DAMAGE2_A_IMG_8773.JPG,9,0.14262822466666666,0.3217932577777778,0.32703907555555556,0.2085394538222222,0.6342725644444445,0.18020888270793378,0.40658154150489245,0.41320956315230545,0.6165003339047517,At_risk,Substrate_degraded
DAMAGE3_A_IMG_8732.JPG,10,0.12075352140000002,0.471927505,0.3331045844,0.07421439684429999,0.677584869,0.13043356764998482,0.5097589489370042,0.3598074726113741,0.6146869470798761,At_risk,Algae
RWA020_10C_IMG_3478.JPG,10,0.2127528172,0.23171340850000002,0.407584693,0.14794906029,0.528896784,0.2496949537096373,0.2719478386738363,0.47835719588013864,0.6143311152170567,At_risk,Substrate_degraded
RWA003_10A_IMG_2846.JPG,10,0.08089695840000001,0.35056293060000004,0.22923840950000002,0.33930169376999997,0.7201170610000001,0.12244160059023368,0.5305945634943304,0.34696382077993465,0.6122611025270999,At_risk,Algae
IMSHE007_10B_IMG_4061.JPG,10,0.2444872492,0.19327223585,0.438503894593,0.12373662017619999,0.720400763,0.2790111421859208,0.2205640885313506,0.5004247578706348,0.6107068021363101,At_risk,Substrate_degraded
DAMAGE3_A_IMG_8738.JPG,10,0.061971392849999994,0.587089223,0.2529837718,0.09795564047899999,0.691920864,0.06870104510537114,0.6508429347041907,0.2804560091045093,0.6058774764566046,At_risk,Algae
IMBRE003_10A_IMG_4454.JPG,10,0.070061944,0.6019831200000001,0.2685090414,0.0594458873,0.689410946,0.07449007223811249,0.6400302865550569,0.28547963057480014,0.6054947738523286,At_risk,Algae
HAR326_22A_IMG_3835 (3).JPG,6,0.008769073866666666,0.7583694685583334,0.2136252417833333,0.019236180705,0.9247862716666667,0.008941066053264139,0.7732437443518035,0.21781517939879733,0.6044370515746991,At_risk,Algae
IMSHE003_IMG_15115A.JPG,10,0.2722595836,0.1605234481361,0.445995676348,0.1212212957518,0.7427345049999999,0.3098158592114932,0.182666517557538,0.5075176118515398,0.5988508706303087,At_risk,Substrate_degraded
SLPK22_05B_IMG_1142.JPG,10,0.24131971346999997,0.18916272440999998,0.39857259749999996,0.17094496684,0.711259917,0.2910780349444594,0.22816666452261522,0.4807552884710001,0.5948386207323076,At_risk,Substrate_degraded
IMSHE009_5A_IMG_1592.JPG,10,0.22873815559999996,0.15202849140000002,0.365947034,0.253286315732,0.718464641,0.3063264519680542,0.20359676437216956,0.49007677026776253,0.5918751524538473,At_risk,Substrate_degraded
IMUAS004_SLP004_10B_IMG_0648.JPG,9,0.10439394205555555,0.580485601111111,0.280445774,0.03467468977777778,0.6070204988888889,0.10814379268589479,0.6013367564020087,0.2905194405528947,0.591187818753899,At_risk,Algae
DAMAGE2_A_IMG_8766.JPG,10,0.29678101326,0.20004129445040003,0.468825265258,0.0343524404936,0.6680021,0.30733884544887,0.20715766080568776,0.48550348338969734,0.5890823137925412,At_risk,Substrate_degraded
IMUAS004_SLP004_5BIMG_4778.JPG,9,0.2661656694444445,0.27474464311111113,0.4275769538888889,0.031512729125555555,0.618377661111111,0.27482619123464813,0.28368430829547536,0.44148949014449546,0.5833316442922332,At_risk,Substrate_degraded
RWA003_10A_IMG_2835.JPG,10,0.1334108122,0.53295477713,0.287554740817,0.046079694551,0.777831013,0.13985529670060423,0.5586994581202358,0.3014452346961042,0.5807949637562221,At_risk,Algae
HAR319_22A_IMG_3286 (8).JPG,9,0.019915738433333333,0.7758144055555555,0.1663722308888889,0.03789762763333334,0.8049234033333333,0.02070022769547896,0.8063740592994293,0.17292570261118753,0.5761127322609022,At_risk,Algae
HAR319_22A_IMG_3286 (14).JPG,9,0.2327751791288889,0.3570316815522222,0.37283149728888887,0.03736166479927778,0.75828706,0.24180957966568728,0.37088868824658033,0.38730172169961535,0.5727460658229055,At_risk,Substrate_degraded
SLPK22_05B_IMG_1128.JPG,10,0.2909094196,0.15663062020000001,0.4166182524,0.1358417011,0.5922620409999999,0.33663903807831747,0.18125223098736087,0.48210871936236777,0.5727348348560481,At_risk,Substrate_degraded
COSA01_CENTERA_IMG_1597_20220317.JPG,10,0.1879732877,0.380925380008,0.31532691534,0.11577442302,0.5411959239999999,0.2125852148794294,0.4308011247389008,0.3566136490723386,0.572014211441789,At_risk,Algae
TydemaniaforTrainingHAR326IMG_3835 (5).JPG,10,0.174213010778,0.475557186973,0.30153801728,0.048691800864000004,0.773510218,0.18312993222814086,0.4998981134190269,0.3169719438409921,0.5669210005505055,At_risk,Algae
IMSHE002_10A_IMG_2045.JPG,10,0.2108392239,0.154064675933,0.299369285446,0.33572681729,0.6653373140000001,0.3173983616958168,0.23192968951320034,0.4506719337369356,0.5666367784935358,At_risk,Other_background
DAMAGE2_A_IMG_8768.JPG,10,0.3091881581,0.15194949299,0.4189407448,0.11992161475100001,0.648511067,0.35131887798942885,0.17265449529617474,0.47602661535177226,0.5623538629998597,At_risk,Substrate_degraded
IMSHE008_10B_IMG_9827.JPG,10,0.218892653,0.3979869367,0.33658310234,0.046537313523,0.694821062,0.229576524106988,0.417412171287329,0.35301129411759574,0.5617173797612602,At_risk,Algae
RWA020_10B_IMG_3511.JPG,10,0.06458787609000001,0.677108492,0.17066198640000002,0.0876416253027,0.756071607,0.0707922222273964,0.7421518981507857,0.1870558686612124,0.5581318177366053,At_risk,Algae
RWA020_10B_IMG_3493.JPG,7,0.06946288718571428,0.4971959565714285,0.15084951714285716,0.28249160514285715,0.6467483871428571,0.09681125684789454,0.6929479525761844,0.2102407766388014,0.5567147529268935,At_risk,Algae
IMUAS004_SLP004_10A_IMG_0672.JPG,8,0.109988647,0.47729867000000004,0.198214958625,0.21449769333750002,0.5826748625,0.14002333158392455,0.6076349855815226,0.25234167010384495,0.5561591628946063,At_risk,Algae
IMSHE002_10A_IMG_2055.JPG,9,0.17008589666666665,0.31438673233333336,0.2515135167777778,0.26401385173888886,0.6388129388888889,0.2310993152947595,0.42716392131193653,0.3417367498060918,0.55531871046206,At_risk,Algae
RWA012_05A_IMG_6048.JPG,10,0.09620032932,0.6110752906,0.19252217155,0.10020219991999998,0.7972411239999999,0.10691327447437356,0.6791251207790084,0.21396159363301007,0.5535241540225143,At_risk,Algae
RWA064_05B_IMG_2469.JPG,9,0.16255877322222223,0.46688301244444447,0.25616925566666665,0.11438896017333335,0.6064500177777777,0.18355549309991284,0.5271874280944528,0.2892570675139956,0.552850781561222,At_risk,Algae
IMBRE001_05A_IMG_4565.JPG,10,0.1938405051,0.3471672614,0.280353029,0.1786391725142,0.645568672,0.23599921472025975,0.422673274735411,0.34132749836941173,0.5526641357371173,At_risk,Algae
RWA064_05A_IMG_2479.JPG,10,0.1897159713,0.40098887247,0.28128925520000003,0.12800590681899998,0.604634169,0.21756565709382214,0.4598527310507272,0.3225816003874832,0.5525079659128468,At_risk,Algae
IMUAS004_SLP004_5BIMG_4776.JPG,9,0.25895327599999995,0.3763493997333333,0.3546589270666667,0.010038414237333334,0.68662711,0.2615791083732817,0.3801656497254166,0.3582552317998998,0.5483380566626082,At_risk,Algae
RWA020_10B_IMG_3496.JPG,8,0.236767777725,0.28875609277500003,0.31666717538875,0.157808920525,0.5882336699999999,0.28113309452704044,0.3428629296831947,0.37600396391597446,0.5474354287575718,At_risk,Substrate_degraded
IMSHE006_SLP185_5A_IMG_1658.JPG,9,0.1726810299888889,0.2919058982,0.2393466951888889,0.29606635531111114,0.6527573611111112,0.24530867939963416,0.4146781519719542,0.34001315442252705,0.5473522304085041,At_risk,Other_background
COSA01_STARBOARDA_IMG_1557_20220317.JPG,10,0.2294320596,0.41374543499999994,0.3149978254,0.04182468341,0.592592202,0.23944684486919526,0.43180556005339854,0.3287475846409028,0.5446503646676021,At_risk,Algae
RWA012_05A_IMG_6051.JPG,8,0.19622593275,0.39555408062499997,0.2710170810375,0.13720287043749999,0.6331035375,0.22742998527285868,0.4584555031560318,0.3141144999808991,0.543342251558915,At_risk,Algae
IMSHE004_5B_IMG_8507.JPG,5,0.061661738,0.75828516,0.1418655948,0.0381875142,0.75828516,0.06410993600155142,0.788391872420563,0.14749818118084873,0.5416941173911303,At_risk,Algae
IMSHE004_5A_IMG_2148.JPG,10,0.22631472346999998,0.21050959802000002,0.284056922,0.27911877109600003,0.71109698,0.3139417516745556,0.29201702360945103,0.394041210844083,0.5400497226488086,At_risk,Substrate_degraded
IMSHE002_10A_IMG_2047.JPG,10,0.35770409343,0.20591757762920002,0.4181693801106,0.018208948639450002,0.779284456,0.36433830738262885,0.20973665963494315,0.42592502279696137,0.530793352614433,At_risk,Substrate_degraded
IMUAS004_SLP004_5AIMG_4842.JPG,8,0.194089267,0.377922306875,0.243121679875,0.184866734275,0.49213997625,0.23810740602965608,0.4636325416734657,0.29826004002894546,0.5300763108656783,At_risk,Algae
RWA003_10A_IMG_2847.JPG,10,0.04386796439,0.841531574,0.10289898805,0.011701462906,0.841531574,0.0443873614829169,0.851495315404719,0.10411731299396398,0.5298649706963234,At_risk,Algae
RWA003_10A_IMG_2851.JPG,7,0.09307922328571427,0.5908885482857142,0.139954304,0.17607793102285713,0.7312838871428572,0.11297090454998482,0.717165565328796,0.16986351798414911,0.5284463006485471,At_risk,Algae
IMSHE007_5A_IMG_9766.JPG,10,0.26617213702,0.11774347434296,0.30261832650188997,0.31346603834476,0.790174211,0.38770426116262235,0.17150422744446542,0.44079149682699004,0.5265436105492227,At_risk,Other_background
IMSHE004_5A_IMG_2128.JPG,10,0.15919261367999998,0.353446171672,0.196444832832,0.29091637563,0.708464534,0.22450470910984155,0.4984548473883031,0.27704042939914636,0.5262678530932979,At_risk,Algae
DAMAGE3_A_IMG_8735.JPG,10,0.1317910877,0.65617629992,0.18247894041999999,0.029553651750299996,0.755898956,0.13580461127420712,0.6761592827948345,0.18803609562642146,0.5261157370238387,At_risk,Algae
IMUAS004_SLP004_10B_IMG_0651.JPG,8,0.1861004972625,0.5104286795,0.22949956875,0.07397127875000001,0.6366671125,0.2009662185484778,0.5512017596230142,0.24783201102970726,0.5234328908412144,At_risk,Algae
IMUAS003_05A_IMG_2423.JPG,10,0.2695883757,0.2540366553,0.2966319649,0.179743005452,0.608302314,0.32866330157607493,0.30970373123636613,0.3616329549962579,0.516484820614441,At_risk,Substrate_degraded
IMSHE003_10A_IMG_1443.JPG,10,0.3645423163,0.0964754248,0.3900990492,0.14888322799,0.66950992,0.42831056345205126,0.11335156909838288,0.4583378557002971,0.5150136402494886,At_risk,Substrate_degraded
SLPK22_05A_IMG_1161.JPG,10,0.3063682176,0.29093132764,0.3280796273,0.0746208333,0.587962555,0.3310731680380729,0.31439147662847317,0.3545353445270729,0.5117310828413095,At_risk,Substrate_degraded
IMBRE001_10B_IMG_4494.JPG,10,0.316968302,0.24781150168,0.33545758989999996,0.099762608488,0.637073408,0.35209412621548825,0.2752735008504655,0.3726323618258651,0.5102691122510978,At_risk,Substrate_degraded
IMSHE006_SLP185_5A_IMG_1657.JPG,10,0.21548167879999996,0.37890314160000005,0.2312433505,0.17437184462,0.699007807,0.26099118681378813,0.45892709377599694,0.2800817072982253,0.5095452541862238,At_risk,Algae
IMBRE001_05B_IMG_4535.JPG,9,0.23034237044444442,0.47723473555555557,0.24529774333333332,0.04712513424444445,0.5518002211111112,0.2417341250934047,0.5008367372494712,0.2574291271625665,0.507847495787302,At_risk,Algae
IMSHE009_5A_IMG_1586.JPG,7,0.1748248282857143,0.33470094275714285,0.18555699388571428,0.3049172465142857,0.7732974357142857,0.2515165597416506,0.4815267401663602,0.26695668570521347,0.5077200557883936,At_risk,Algae
COSA02_BOWA_IMG_8531.JPG,10,0.284402412,0.2731781832,0.2916065422,0.15081285258000002,0.5979866030000001,0.3349113477173665,0.32169373269061324,0.343394907816053,0.5042417741613596,At_risk,Substrate_degraded
IMBRE001_05B_IMG_4551.JPG,8,0.22730693675,0.41527694,0.233503978625,0.123912119575,0.5856339349999999,0.25945678023140256,0.4740128889038374,0.2665303194503797,0.5035367639022984,At_risk,Algae
IMSHE006_SLP185_5B_IMG_1699.JPG,10,0.1969498526,0.5530298784000001,0.20269595859999998,0.047324286630000004,0.627043924,0.2067333644415338,0.5805017159902375,0.21276490907147724,0.503015767066596,At_risk,Algae
IMBRE003_10A_IMG_4453.JPG,8,0.09483602025,0.42000460625,0.0982697764125,0.38688961825,0.6565964762500001,0.15468016568091544,0.6850391012849114,0.16028071672389707,0.5028002673663527,At_risk,Algae
IMSHE003_IMG_15155A.JPG,10,0.38606632150000003,0.102690634599,0.390505983194,0.12073706359139999,0.6400592270000001,0.43907948334503255,0.11679172275093787,0.44412878253086746,0.5025246439063364,At_risk,Substrate_degraded
COSA01_PORTA_IMG_8492.JPG,10,0.17013409259999998,0.5559280533,0.17367533210000002,0.100262548,0.64056851,0.1890930353232097,0.6178780596724451,0.19302889388999206,0.5019679237262147,At_risk,Algae
IMUAS001_05A_IMG_8706.JPG,10,0.36004569598,0.250885037141275,0.3634658884196,0.025603388330983003,0.767763779,0.3695063019774986,0.2574773239358747,0.3730163638238654,0.5017550257918028,At_risk,Substrate_degraded
DAMAGE2_A_IMG_8782.JPG,10,0.15870503653,0.36324811185,0.15866072439999998,0.31938612469,0.734115995,0.2331792526502129,0.5337065861282401,0.23311414652892865,0.4999674395930487,At_risk,Algae
RWA016_05A_IMG_6134.JPG,10,0.28829802918,0.28102764318999995,0.28723313066,0.143441185238,0.8343347919999999,0.3365770391879707,0.32808913867325684,0.3353338104641508,0.4993783798007792,At_risk,Live_coral
IMSHE008_10B_IMG_9829.JPG,9,0.2614253133333333,0.45134843294444443,0.25453572638733335,0.03269051782222222,0.5793223944444444,0.27026026108320544,0.46660189012196857,0.26313783845687294,0.4964387835178572,At_risk,Algae
RWA020_10A_IMG_3556.JPG,10,0.16272372454,0.636232051,0.15468430444,0.0463599426386,0.708322487,0.17063431607978297,0.6671616028782338,0.16220407055584676,0.4957848719949637,At_risk,Algae
SLPK22_05A_IMG_1156.JPG,10,0.36991972079999996,0.150256813,0.3588098111,0.12101365142,0.6239978899999999,0.4208480811310032,0.17094328275106652,0.40820862474118935,0.4936802661167226,At_risk,Live_coral
IMBRE001_10B_IMG_4490.JPG,8,0.272859053375,0.4491564125,0.257925819,0.020058732281249998,0.66719447375,0.27844428518527276,0.45835032654409547,0.2632053780659388,0.49238054133798653,At_risk,Algae
IMUAS004_SLP004_5BIMG_4789.JPG,10,0.32617052173,0.31002640338340004,0.308372637741,0.0554304414777,0.690739199,0.34531127309589643,0.3282197651640731,0.32646895115319774,0.49057883373523425,At_risk,Live_coral
IMBRE001_10A_IMG_4522.JPG,10,0.22816323819999998,0.3944202876,0.20298623980000002,0.17443021676999998,0.754254926,0.27637062904123105,0.47775524160068333,0.24587411724523894,0.4847517380455806,At_risk,Algae
IMBRE004_5A_IMG_6236.JPG,10,0.2512325387,0.37976578073,0.22226059839999998,0.1467410879316,0.69310943,0.29443880457123633,0.4450768322996827,0.26048435140930903,0.4830227675591504,At_risk,Algae
IMUAS004_SLP004_5AIMG_4809.JPG,10,0.34214499639999996,0.1231628584,0.31461797950000003,0.22007416762499998,0.6695764470000001,0.4386891380770724,0.15791611382046364,0.40339473528073216,0.482352792190964,At_risk,Live_coral
IMSHE006_SLP185_5B_IMG_1694.JPG,10,0.1340032146,0.741063373,0.0977049455,0.02722848303,0.749684996,0.13775404466804453,0.7618061797309581,0.10043976532109145,0.4813428551865705,At_risk,Algae
COSA01_STARBOARDA_IMG_8444.JPG,10,0.43564909739999996,0.1610075207,0.3879702344,0.015373172539999999,0.6703329229999999,0.4424509567958288,0.16352135700543108,0.39402767604260847,0.475788354545324,At_risk,Live_coral
RWA003_10B_IMG_2822.JPG,8,0.254725438875,0.38622288925,0.2072753950375,0.1517762774875,0.60684264375,0.30030454102632437,0.4553313874041398,0.24436405978019346,0.4720297534822634,At_risk,Algae
IMBRE001_05B_IMG_4529.JPG,9,0.1605141458888889,0.6496180933333333,0.10525848382222222,0.08460927377777777,0.73251066,0.17535041605134485,0.7096620818661846,0.11498749115817372,0.469818532091266,At_risk,Algae
IMSHE003_5B_IMG_1521.JPG,9,0.348822956,0.13219874475055557,0.30132609059444443,0.21765219915854445,0.6945104833333333,0.44586685793749153,0.16897694928429727,0.3851561799961722,0.46964465463832084,At_risk,Live_coral
IMSHE002_5A_IMG_8397.JPG,10,0.3732740035,0.16693130149000002,0.31944427381999996,0.140350404481,0.772885324,0.4342164625667042,0.19418528626423298,0.3715982395364161,0.46869088266853254,At_risk,Live_coral
IMBRE001_05B_IMG_4534.JPG,10,0.238306122,0.5615412433,0.17150116583400002,0.0286514712936,0.765094529,0.2453353373257654,0.5781047888787985,0.17655986350047032,0.46561225793986954,At_risk,Algae
IMSHE006_SLP185_5A_IMG_1655.JPG,9,0.25500485666666667,0.3303966096666667,0.19750468200000001,0.21709386544444442,0.7085755311111112,0.32571573738738524,0.4220130422399815,0.2522712075997103,0.463277728719701,At_risk,Algae
IMUAS003_10B_IMG_0962.JPG,10,0.393727217,0.15400332355200003,0.327729432463,0.12454002787209999,0.559317982,0.4497375375674411,0.1759113226644893,0.37435112834550277,0.4623067896777474,At_risk,Live_coral
IMBRE001_10B_IMG_4475.JPG,10,0.14007006795,0.35602056914,0.094296940346,0.40961239525000004,0.84108172,0.23725103801438582,0.6030285472060231,0.15972039784156555,0.4612346714445771,At_risk,Other_background
RWA020_10A_IMG_3537.JPG,10,0.1610077855,0.641245375,0.09091494016,0.10683188534000002,0.659355625,0.18026593602969598,0.7179447713669002,0.10178928140730312,0.46076166709075317,At_risk,Algae
IMBRE001_10B_IMG_4472.JPG,9,0.10791803083333333,0.4474489587777778,0.05960909633333333,0.38502390955555554,0.697495461111111,0.17548329365159976,0.7275875627175585,0.09692912737004705,0.4607229087288263,At_risk,Algae
IMSHE002_10A_IMG_2042.JPG,10,0.394444206,0.16940632364,0.32369362879999997,0.11245580990000001,0.688461542,0.4444220581081597,0.19087086554549565,0.3647070650792996,0.4601424978520474,At_risk,Live_coral
IMBRE001_05B_IMG_4553.JPG,9,0.28099966,0.5087070888888889,0.1884282187777778,0.02186500788888889,0.66739506,0.2872810669446894,0.520078619519778,0.19264030331199464,0.45267961307188365,At_risk,Algae
IMSHE002_10B_IMG_2072.JPG,9,0.25274035366666664,0.451558083,0.16143630044444446,0.13426524292222222,0.6581338255555556,0.291937402893948,0.5215894181292986,0.18647316742587114,0.44726787649052047,At_risk,Algae
IMSHE008_10A_IMG_9810.JPG,9,0.3984915881111111,0.26456638344444444,0.29626481388888887,0.040677232546666664,0.6234540955555556,0.41538842817395366,0.2757845270651299,0.3088270343368964,0.44671929786946135,At_risk,Live_coral
IMSHE008_10A_IMG_9818.JPG,9,0.35307119944444443,0.3795929411444445,0.24550723733333335,0.02182861704888889,0.6755445244444443,0.3609502422621651,0.3880638360837305,0.25098591143094695,0.4450178294728122,At_risk,Algae
IMUAS004_SLP004_5AIMG_4830.JPG,10,0.34303200990000005,0.3217460655,0.24010324836,0.0951186921,0.615250774,0.37909060238276693,0.3555671373649267,0.2653422492011335,0.44312581788359684,At_risk,Live_coral
RWA016_05B_IMG_6149.JPG,7,0.3017153593714286,0.5019620957142857,0.18448424557142856,0.011838314045714286,0.8705391742857144,0.3053299435886695,0.5079756585392011,0.18669438775232813,0.44068221702192867,At_risk,Algae
IMUAS004_SLP004_10B_IMG_0624.JPG,9,0.36785271277777776,0.33595355144444444,0.2541238292222222,0.04206991207777778,0.777024,0.3840078847664187,0.3507077919740187,0.26528431282038756,0.4406382088073969,At_risk,Live_coral
IMBRE001_10A_IMG_4505.JPG,10,0.34430894700000003,0.2957743656,0.2369696683,0.12294702667999999,0.653253196,0.39257485074725373,0.33723659649856164,0.2701885413523649,0.43880683960164574,At_risk,Live_coral
IMSHE002_10A_IMG_2056.JPG,9,0.3434576612222222,0.2995015905555556,0.23505445495555558,0.12198628758444444,0.6876331366666667,0.3911757352721811,0.34111265558567455,0.2677115977528006,0.43826792554563787,At_risk,Live_coral
IMBRE002_5B_IMG_6211.JPG,10,0.27701040250000003,0.527939428,0.1565281316,0.03852203517,0.602539103,0.28810894325012065,0.5490915479289741,0.1627994984202509,0.43734527238473797,At_risk,Algae
RWA018_05A_IMG_4030.JPG,10,0.23585796500000003,0.3047825955,0.13971344816,0.319645975866,0.644948185,0.34666946697035333,0.44797647568877225,0.20535404264264423,0.4293422804870304,At_risk,Other_background
RWA008_05B_IMG_5928.JPG,10,0.29689112040000004,0.4418520817,0.16769973799,0.093557040743,0.634318578,0.32753425945948605,0.48745713302324084,0.18500859648513918,0.42873716299675957,At_risk,Algae
RWA018_05A_IMG_4017.JPG,10,0.3515554551,0.34960302274,0.21927882412000002,0.07956268172,0.659965496,0.38194394178935437,0.37982274099204805,0.23823330635419673,0.42814467685022073,At_risk,Live_coral
IMUAS004_SLP004_10B_IMG_0643.JPG,10,0.49061609123,0.1623648686,0.345888747377,0.001130299457,0.8054848189999999,0.49117125364641273,0.16254859447936634,0.3462801418629052,0.42755443910258834,At_risk,Live_coral
RWA020_10C_IMG_3467.JPG,7,0.26947150942857145,0.4816415877142857,0.1375111117142857,0.11137577834285715,0.6313486228571429,0.3032457406744304,0.5420081711634233,0.1547460769087954,0.425750162490507,At_risk,Algae
IMBRE003_05A_IMG_0502.JPG,10,0.3719779913,0.31368221405,0.23472690967999998,0.0796129007418,0.684609327,0.40415384046998193,0.34081551720943026,0.25503063145559435,0.4254383900603095,At_risk,Live_coral
IMBRE003_10B_IMG_4446.JPG,10,0.2766887609,0.5059291544594,0.1386886135396,0.078693456429823,0.67274955,0.30032215035687765,0.5491431278280154,0.1505347109609563,0.425106274874964,At_risk,Algae
RWA012_05A_IMG_6068.JPG,9,0.39047866766666667,0.2876692514111111,0.24969707892444445,0.07215499619555556,0.6816723255555556,0.4208447146872309,0.310040199526969,0.269115075008138,0.42413517477162255,At_risk,Live_coral
IMSHE003_IMG_15055A.JPG,9,0.45673761711111116,0.18256569733777778,0.3108300254333333,0.04986666667677778,0.6712627133333333,0.48070896276583486,0.1921474468403919,0.3271435798689348,0.4232173032891307,At_risk,Live_coral
IMSHE006_SLP185_5A_IMG_1660.JPG,7,0.3382718057142857,0.2935446442857143,0.20910192714285714,0.15908166442857144,0.5347158557142857,0.40226472733413937,0.3490762584976587,0.24865900227644136,0.4231971315252707,At_risk,Live_coral
IMBRE002_5B_IMG_6188.JPG,10,0.4471878403,0.25333918134,0.29108760977000003,0.008385370755,0.7071842349999999,0.45096938026664585,0.25548148520656283,0.29354912444222864,0.4212898670455101,At_risk,Live_coral
RWA016_05A_IMG_6123.JPG,10,0.32052271590000003,0.296908219585,0.192063386674,0.190505666594,0.681362711,0.39595424349066755,0.36678233285848577,0.23726341129745562,0.4206545777266985,At_risk,Live_coral
RWA064_05B_IMG_2454.JPG,9,0.2806869751666667,0.1548193947,0.18231963454444444,0.3821740077222222,0.7055296166666667,0.4543139470004465,0.25058736778438845,0.29509866902937837,0.4203923529215726,At_risk,Other_background
RWA064_05A_IMG_2497.JPG,9,0.3984395173333334,0.14034165914444444,0.2597808419,0.2014379941377778,0.8075627922222223,0.498946234825033,0.17574296567736708,0.3253107869750912,0.4131822698137747,At_risk,Live_coral
IMUAS004_SLP004_5AIMG_4820.JPG,9,0.4107281403333333,0.20894582433333334,0.25797710230000004,0.12234892806666668,0.5971655588888889,0.46798568487250064,0.23807391093906116,0.2939403927943884,0.41297734826391896,At_risk,Live_coral
IMUAS004_SLP004_10B_IMG_0630.JPG,9,0.3738164494444444,0.40476158796,0.19912624271566667,0.022295715708666664,0.7438133622222222,0.38234101376247515,0.4139918296873536,0.20366714632212973,0.41066306116580653,At_risk,Algae
IMSHE004_5B_IMG_8509.JPG,9,0.39646149155555555,0.29573580955555556,0.230230583,0.07757210399999999,0.5809706544444445,0.4298021494000915,0.3206058830652975,0.24959195669365516,0.4098948982263039,At_risk,Live_coral
IMBRE004_5A_IMG_6230.JPG,9,0.2652304628888889,0.5711775177777778,0.09558355295555557,0.06800843422222222,0.6729269866666666,0.28458462386692923,0.6128569746007283,0.1025583908026314,0.40898687810299555,At_risk,Algae
IMSHE003_5B_IMG_1545.JPG,9,0.38965594555555555,0.06691543555555556,0.2591464753333333,0.2842821322788889,0.6635192388888889,0.5444267410722818,0.09349415278394434,0.36207909217178774,0.4088261685637599,At_risk,Live_coral
IMUAS003_10B_IMG_0967.JPG,9,0.4876343158888889,0.18502801583333336,0.3065120969333333,0.02082558268111111,0.7634531166666666,0.49800556125467255,0.18896328225988415,0.3130311462727584,0.40751278740270047,At_risk,Live_coral
IMUAS003_10B_IMG_0956.JPG,10,0.438338688,0.1771990091,0.2729965861,0.111465719055,0.644382206,0.49332782240891454,0.19942844126120218,0.3072437250753936,0.4069579457059947,At_risk,Live_coral
IMBRE001_10B_IMG_4477.JPG,10,0.34541731200000003,0.37463358151,0.17795627125,0.10199281089800001,0.627223962,0.3846487218683032,0.41718328320720144,0.19816798378872671,0.40675962539232746,At_risk,Algae
SLPK22_05B_IMG_1123.JPG,10,0.3712150136,0.09530197094000001,0.23880341330000002,0.29467959344,0.630487427,0.5263069230292413,0.13511869198830695,0.3385743708044981,0.40613371679865157,At_risk,Live_coral
IMUAS001_05A_IMG_8710.JPG,8,0.4709200374225,0.07097633597205,0.3108074235915625,0.147296239378375,0.768204495,0.552266840565624,0.08323679968419087,0.3644963480227835,0.40611474786487894,At_risk,Live_coral
RWA012_05B_IMG_6095.JPG,9,0.29119674344444446,0.5094599661088889,0.11678114955633334,0.08256211808236666,0.7323273066666667,0.3174021405144723,0.5553073219043132,0.1272905266812938,0.4049441876334504,At_risk,Algae
IMUAS003_10A_IMG_0937.JPG,10,0.5307083609000001,0.094601329115,0.3444124573,0.030277858817599996,0.786038745,0.5472787817589355,0.09755508668270033,0.355166121246132,0.40394366458748215,At_risk,Live_coral
IMBRE002_5B_IMG_6213.JPG,10,0.2665866744,0.5688328831,0.08878169770000001,0.07579871405000001,0.6983681909999999,0.288450886660829,0.6154859385275812,0.09606316399143575,0.4038061332552263,At_risk,Algae
IMSHE002_10B_IMG_2068.JPG,9,0.502216596,0.11864618835333333,0.3139382522333334,0.065198976288,0.6770721933333333,0.5372443664176394,0.12692132597257794,0.3358342969123192,0.3992949598986082,At_risk,Live_coral
IMBRE003_10A_IMG_4462.JPG,9,0.32178463777777777,0.38957032935933333,0.14726399426666667,0.14138103726644446,0.5766996577777778,0.37477000683048495,0.45371735581664935,0.171512625706256,0.3983713036145807,At_risk,Algae
RWA020_10B_IMG_3513.JPG,8,0.2973782755,0.563876845,0.1008202325,0.037924651275,0.70712539,0.3091008115754025,0.5861046511384368,0.10479452689196447,0.3978468524611829,At_risk,Algae
IMUAS003_05A_IMG_2417.JPG,10,0.395327215,0.3265319634,0.2038817559,0.074259059753,0.628069738,0.42703870605931454,0.35272498792511275,0.22023629521341456,0.3965987891759709,At_risk,Live_coral
COSA02_BOWA_IMG_8544.JPG,10,0.25986648467999995,0.3443717753,0.10773800780000001,0.28802373189999997,0.773461951,0.364993178551236,0.4836843389976127,0.1513224684057394,0.39316463790454576,At_risk,Algae
RWA003_10A_IMG_2827.JPG,10,0.22855877539999997,0.6587710696,0.0316854275,0.08098475297999999,0.7612961730000001,0.24869964597133884,0.7168227581677892,0.034477584979660005,0.3928889640635546,At_risk,Algae
SLPK02_10A_IMG_6337.JPG,9,0.48303003999999994,0.14933865122222223,0.2839066075555555,0.08372470633333334,0.6150508155555555,0.5271669282939808,0.16298447616298367,0.309848584629285,0.39134082271077686,At_risk,Live_coral
IMBRE001_05A_IMG_4562.JPG,10,0.34422596419999996,0.4848654443,0.13073247,0.0401761331,0.737684711,0.3586345040213072,0.5051608426393109,0.1362046429208039,0.38878506424045933,At_risk,Algae
RWA018_05A_IMG_4036.JPG,10,0.45491488960000004,0.2106286604,0.25011398385,0.084342479987,0.716759932,0.4968177160286933,0.23002995149735206,0.2731523215528412,0.3881672973015172,At_risk,Live_coral
IMBRE003_05B_IMG_0477.JPG,10,0.34800944879999995,0.2061976459895,0.18171734689684,0.26407557167449996,0.583899681,0.47288746555784483,0.28018860566054943,0.2469239151932543,0.387018218023529,At_risk,Live_coral
IMSHE003_IMG_14985A.JPG,9,0.4127869255555556,0.19501941033333334,0.22455565655555557,0.167638016,0.6446101122222222,0.4959223563104766,0.23429638758209628,0.26978124409342363,0.38692943788447176,At_risk,Live_coral
IMUAS001_05B_IMG_8764.JPG,10,0.51757649337,0.17531454524095,0.2941691446364,0.012939810528190002,0.730680817,0.5243616315507712,0.17761282081914276,0.2980255374989916,0.38683194790856296,At_risk,Live_coral
IMUAS003_05A_IMG_2412.JPG,10,0.41796536817999996,0.1759623344547,0.2277891133174,0.17828315753155,0.832932742,0.5086489104025773,0.21413987020506414,0.2772112072227159,0.384281142325248,At_risk,Live_coral
RWA020_10A_IMG_3531.JPG,10,0.32506920800000005,0.268094402,0.15012634339,0.25671005437,0.751387762,0.4373383524747502,0.360686159109796,0.201975474961754,0.382318554516652,At_risk,Live_coral
IMBRE001_10B_IMG_4481.JPG,8,0.2955157074375,0.37977681476249997,0.1081977165,0.21650975054875,0.7596196775,0.3771785391430616,0.48472436688604825,0.13809708120748945,0.3804592646505136,At_risk,Algae
RWA008_05A_IMG_5897.JPG,10,0.4143100131,0.11806125730174,0.2284793583686,0.23914936419698002,0.7393560779999999,0.5445352766866217,0.15517008370072005,0.300294626469474,0.37787966831983405,At_risk,Live_coral
IMBRE003_10A_IMG_4456.JPG,10,0.390268088,0.36795516500000003,0.16479961569999999,0.07697713901,0.552055671,0.42281518368175197,0.3986414351053073,0.178543370378973,0.3778640879316266,At_risk,Live_coral
IMUAS004_SLP004_10A_IMG_0669.JPG,8,0.31086021350000004,0.160435664,0.156880076825,0.371824037,0.55845775875,0.4948616807299076,0.25539924019919236,0.2497390631517935,0.3774386832513897,At_risk,Other_background
IMSHE008_05A_IMG_9878.JPG,9,0.2762921961111111,0.5516794588888889,0.052642439622222224,0.11938589116666669,0.65192978,0.3137494558182652,0.6264712954212286,0.059779237404794336,0.37301488511540865,At_risk,Algae
IMUAS003_05A_IMG_2413.JPG,9,0.3984808901111111,0.14014070855555555,0.2083578232222222,0.2530205991555555,0.6122586,0.5334563082995089,0.1876098625649991,0.2789338157482425,0.37273874703074206,At_risk,Live_coral
IMSHE002_10B_IMG_2067.JPG,10,0.5073279723999999,0.15622169363,0.2692349255,0.06721538658000001,0.699196915,0.5438854496181168,0.1674788513594214,0.28863568830187314,0.37237511398158385,At_risk,Live_coral
IMUAS003_05B_IMG_2452.JPG,9,0.3921114063333333,0.19303463682222222,0.19307359117777778,0.22178035980666666,0.7184731133333333,0.5038569884331794,0.2480464714914599,0.248096527225518,0.37211976297124794,At_risk,Live_coral
RWA018_05A_IMG_4034.JPG,10,0.5074582264,0.2228045643,0.2492987404,0.020438493148,0.621800197,0.5180462942942299,0.22745336045941664,0.2545003350377043,0.36822701526741264,At_risk,Live_coral
RWA020_10B_IMG_3501.JPG,9,0.3801621031,0.4523316353333333,0.12636447419222221,0.041141777937777776,0.7189470911111111,0.3964737373363042,0.4717398512730632,0.13178640096156208,0.36765632659809366,At_risk,Algae
SLPK02_10A_IMG_6350.JPG,8,0.4901299,0.26582335615,0.227109081125,0.0169376412,0.66798081875,0.498574583146853,0.2704033542601333,0.23102205242071885,0.3662237295507855,At_risk,Live_coral
IMSHE007_5A_IMG_9761.JPG,10,0.5449072343,0.1375777814027,0.28150646827979997,0.036008496961999995,0.811483091,0.5652614547965006,0.1427168001600619,0.2920217346699019,0.36338013474993286,At_risk,Live_coral
RWA008_05A_IMG_5904.JPG,8,0.349179099625,0.274269728375,0.140247516125,0.23630364075000002,0.59862733375,0.4572224258227206,0.3591345262990586,0.1836430347840113,0.36321029793354065,At_risk,Live_coral
SLPK02_10A_IMG_6345.JPG,10,0.47478184709999993,0.166714934033,0.228620385448,0.129882834063,0.6899876629999999,0.5456527693954816,0.1916005550977425,0.26274666401407093,0.3585469415629422,At_risk,Live_coral
RWA016_05B_IMG_6170.JPG,8,0.457787145,0.2670612643,0.1960148261875,0.0791367375,0.643555395,0.4971282622509816,0.29001186181409505,0.21285986507554744,0.35786579598259494,At_risk,Live_coral
SLPK22_05C_IMG_1098.JPG,10,0.3980819856,0.08746271024999999,0.19690187726000002,0.31755341575,0.691750897,0.5833159626734261,0.12816052188498148,0.2885235007884308,0.35260376173092156,At_risk,Live_coral
IMUAS001_05B_IMG_8755.JPG,9,0.5872771794444445,0.06776381243000001,0.3031912584222222,0.041767739886444444,0.7928237122222223,0.612875608323419,0.07071752354593079,0.31640685769476684,0.3517656194677322,At_risk,Live_coral
SLPK22_05B_IMG_1126.JPG,10,0.37971420289999996,0.073004487963,0.18905563373,0.358225670505,0.7241926089999999,0.5916631165077781,0.11375414071255738,0.2945827271978633,0.35145979755414203,At_risk,Live_coral
IMBRE003_05B_IMG_0491.JPG,10,0.41487389099999994,0.32385997469,0.13603994862,0.12522619299999999,0.752416301,0.4742641806037603,0.3702213825904687,0.1555144253742445,0.34062511666947887,At_risk,Live_coral
IMSHE004_5A_IMG_2141.JPG,9,0.5564557688333333,0.161762533439,0.24707927424677775,0.034702430272666666,0.7267997644444445,0.5764603336883164,0.16757789069205076,0.25596176526013315,0.3397507106061585,At_risk,Live_coral
IMSHE002_5A_IMG_8404.JPG,8,0.487903564375,0.17688227650975002,0.20416391700525,0.131050237077875,0.66058448625,0.5614865006060551,0.20355869009466318,0.23495479779113654,0.33673414283846814,At_risk,Live_coral
IMBRE003_05A_IMG_0501.JPG,10,0.3729430762,0.29106554353999997,0.11037699222000001,0.22561439077999998,0.659238455,0.481598657857395,0.3758664098169873,0.14253491941215488,0.33046812432064854,At_risk,Live_coral
IMBRE001_05A_IMG_4567.JPG,10,0.451765991,0.3667696468,0.128704657,0.052759694294,0.6571929,0.4769285984884118,0.3871981005679859,0.1358732903866191,0.32947234067061204,Healthy,Live_coral
SLPK02_10A_IMG_6346.JPG,10,0.44954167389999994,0.15567385059519998,0.1712435938074,0.22354088854579998,0.7481813369999999,0.5789637310114867,0.2004920090713791,0.22054424703815617,0.3207902515738457,Healthy,Live_coral
IMUAS003_05A_IMG_2418.JPG,10,0.5644573420000001,0.115919950963,0.22650118267,0.0931215176464,0.729335941,0.6224178331962628,0.1278230245831535,0.249759131193748,0.31367064348532475,Healthy,Live_coral
IMUAS003_10B_IMG_0981.JPG,10,0.5355655922,0.1785451138,0.195591735,0.09029757017,0.636665518,0.5887261176566841,0.19626759673312122,0.21500627461758917,0.3131400729841498,Healthy,Live_coral
IMBRE002_5B_IMG_6190.JPG,10,0.34077167266999997,0.126705069269,0.118014104981,0.41450915593869997,0.822234484,0.5820273171517043,0.21640827994400713,0.20156438582460245,0.309768525796606,Healthy,Other_background
IMUAS003_10B_IMG_0980.JPG,10,0.6039083084,0.1305446941732,0.22733272587000003,0.038214265567,0.801002374,0.6279031641470579,0.1357315761247478,0.23636524933086803,0.3042310373932419,Healthy,Live_coral
IMUAS001_05A_IMG_8722.JPG,9,0.5133878116666666,0.11309481962222222,0.1896778363111111,0.18383952713333335,0.7282625944444444,0.6290280229892212,0.13856934111143024,0.23240262364685607,0.3016872942025712,Healthy,Live_coral
IMUAS003_05B_IMG_2463.JPG,10,0.5487109434399999,0.1303046247,0.19317467264000002,0.127809751597,0.79187383,0.629118409600758,0.14939931349091387,0.22148226544293959,0.2961819221883965,Healthy,Live_coral
IMBRE001_10B_IMG_4476.JPG,10,0.49193733243999993,0.25741717231,0.1264173333055,0.12422815318060001,0.754708618,0.5617185954678285,0.29393177330551373,0.14434961980815877,0.29131550646091564,Healthy,Live_coral
IMBRE003_05B_IMG_0481.JPG,10,0.4061475886,0.123170920205,0.11843154281999999,0.352249946075,0.674626194,0.6270128135242538,0.19015192356138588,0.182835247476307,0.27791120925699997,Healthy,Live_coral
COSA02_BOWA_IMG_8538.JPG,10,0.42814633430000004,0.252181661467,0.08382038941,0.235851658751,0.8532710509999999,0.5602921330494036,0.33001660810736505,0.10969124575676774,0.27469954981045025,Healthy,Live_coral
DAMAGE3_A_IMG_8739.JPG,10,0.42847433203999996,0.17944473092100002,0.101560784698,0.2905201504806,0.8737772469999999,0.603927408811568,0.252924348709625,0.14314822838397415,0.26961040273878667,Healthy,Live_coral
IMSHE008_05A_IMG_9864.JPG,10,0.507846724,0.280517,0.09519553931,0.11644076784999999,0.701200669,0.5747738033437175,0.3174852083767102,0.10774097696171232,0.26648358115006743,Healthy,Live_coral
RWA003_10A_IMG_2833.JPG,10,0.4806010438,0.23490716900000003,0.09933349481,0.18515829065,0.790383787,0.5898090799887414,0.2882856436081877,0.12190526413074869,0.2660480859348425,Healthy,Live_coral
RWA016_05B_IMG_6159.JPG,9,0.47806838388888884,0.17020248113333333,0.11192701311555557,0.23980211555777778,0.7290676111111112,0.6288736016617873,0.2238923361787687,0.14723404900497433,0.2591802170943587,Healthy,Live_coral
SLPK22_05A_IMG_1160.JPG,10,0.442074707,0.12438737093924998,0.111227760179,0.32231013432899996,0.787039548,0.6523259987256921,0.18354616242907867,0.16412782408921653,0.25590090530375587,Healthy,Live_coral
SLPK02_10C_IMG_6310.JPG,10,0.588396017,0.07364643897550001,0.171350545147,0.16660699070052,0.763839473,0.7060246596110606,0.08836939834221234,0.2056059300475862,0.24979062921869238,Healthy,Live_coral
RWA020_10C_IMG_3469.JPG,10,0.61555928,0.18087524802,0.1410665844286,0.062498883591999996,0.7161329869999999,0.6565957792053193,0.19293336689302656,0.15047084323500018,0.24693752668151348,Healthy,Live_coral
IMUAS003_10A_IMG_0916.JPG,10,0.5942374487000001,0.21306243973800001,0.12272033463000001,0.06997977517500001,0.778495442,0.6389510975903159,0.22909441339264022,0.13195447826458964,0.24650168496090974,Healthy,Live_coral
IMBRE002_5B_IMG_6208.JPG,9,0.6057811331111111,0.1351740218258778,0.1485765187916178,0.11046830884414,0.700590328888889,0.6810113053780027,0.15196088492236207,0.16702779845776466,0.24300824091894568,Healthy,Live_coral
RWA012_05B_IMG_6104.JPG,8,0.479748657,0.26634688143125,0.0617540228875,0.192150428543875,0.7347022275,0.5938588990235504,0.3296986108397136,0.07644247775819388,0.24129178317805067,Healthy,Live_coral
SLPK02_10C_IMG_6295.JPG,10,0.6104481055,0.1829040394068,0.12493995141497001,0.08170791016443998,0.75371313,0.6647646226048453,0.1991784946724897,0.13605687183288384,0.2356461191691287,Healthy,Live_coral
IMSHE002_10A_IMG_2039.JPG,10,0.45378650958,0.1732598434,0.0780230996,0.29493054781,0.795587042,0.6436053944521978,0.245734431280012,0.1106601600847905,0.23352737572479648,Healthy,Live_coral
IMBRE003_10A_IMG_4459.JPG,10,0.609147969,0.18787422904870002,0.12002914274316501,0.082948619953,0.730034593,0.6642463025369371,0.20486773056543936,0.13088595599310876,0.23331982127582845,Healthy,Live_coral
IMSHE009_5B_IMG_1623.JPG,10,0.7140021889,0.10546751910150001,0.16774656248536,0.01278377067864,0.874100203,0.7232479883211401,0.10683324534466467,0.1699187562047025,0.22333537887703483,Healthy,Live_coral
IMUAS004_SLP004_5BIMG_4784.JPG,10,0.7304163976,0.07065339815,0.18196293268000002,0.016967260472,0.8298684740000001,0.7430234711883013,0.07187288417559769,0.1851036344634999,0.22104007655129873,Healthy,Live_coral
IMBRE004_5A_IMG_6252.JPG,10,0.6020283496,0.19074523066,0.08068803895500001,0.126538390734,0.823805636,0.6892441859650511,0.21837848885408634,0.09237731373216268,0.20156655815920585,Healthy,Live_coral
RWA003_10B_IMG_2819.JPG,10,0.6397215943,0.27226394374,0.057392105771200005,0.030622376851709997,0.8800279200000001,0.659930205513686,0.2808646791779948,0.05920510499242221,0.1996374445814196,Healthy,Live_coral
IMBRE003_10B_IMG_4443.JPG,9,0.6092019063333333,0.22420686980666668,0.062461903091555554,0.10412932493577778,0.8405002788888889,0.6800109811114413,0.2502670000276301,0.06972200769860329,0.19485550771241833,Healthy,Live_coral
IMUAS004_SLP004_10B_IMG_0632.JPG,10,0.6449040991,0.17092258108800001,0.08912480534,0.095048513328,0.798366966,0.712639409169357,0.18887485343982338,0.09848572634050351,0.1929231530604152,Healthy,Live_coral
IMUAS003_05A_IMG_2427.JPG,10,0.6920204830000001,0.14512678719,0.10600606074699999,0.0568466678975,0.733283863,0.7337306172424671,0.15387401060979122,0.1123953615450119,0.1893323668499075,Healthy,Live_coral
SLPK02_10C_IMG_6308.JPG,10,0.675142881008,0.08095038281,0.12657875647,0.11732799277500001,0.774988412,0.7648853230205028,0.09171060148307558,0.14340406416718518,0.18925936490872297,Healthy,Live_coral
SLPK02_10A_IMG_6335.JPG,10,0.6486727618,0.073093636,0.12236253230000001,0.15587107745,0.749530096,0.768452224518158,0.08659060544866634,0.1449571581866442,0.18825246091097736,Healthy,Live_coral
IMSHE007_5B_IMG_9748.JPG,10,0.606289803,0.0537998046,0.10944398567,0.23046642180000002,0.729894875,0.7878665732382267,0.06991222263899462,0.14222119112789447,0.17717730244739177,Healthy,Live_coral
IMSHE008_05A_IMG_9867.JPG,10,0.683510145,0.19827719292999998,0.06866331664,0.04954936234,0.7614349380000001,0.7191432132979059,0.20861387163078468,0.07224290454998467,0.17654984036537702,Healthy,Live_coral
IMSHE008_10A_IMG_9820.JPG,10,0.759829985,0.125148722691,0.108855494764,0.0061657770792,0.79736495,0.7645440008782194,0.12592515041503125,0.10953083864470894,0.17249341385222455,Healthy,Live_coral
IMSHE008_05A_IMG_9860.JPG,10,0.7403109456,0.1456947834,0.088809837284,0.02518441291,0.8113789849999999,0.7594369269539861,0.14945881759028612,0.0911042451973771,0.16583365399252015,Healthy,Live_coral
RWA008_05B_IMG_5908.JPG,9,0.7296030148888888,0.09997616274611111,0.07862459637888888,0.09179621846133333,0.8010163544444445,0.8033472528206635,0.1100812003934375,0.0865715357751543,0.14161213597187305,Healthy,Live_coral
SLPK02_10A_IMG_6347.JPG,9,0.8270237722222222,0.06412606688888889,0.09472503677444444,0.014125120721111113,0.8270237722222222,0.8388729483451174,0.06504483257151648,0.09608220894009112,0.12860462522584937,Healthy,Live_coral
IMSHE007_5A_IMG_9775.JPG,10,0.714759551,0.071997585853,0.0586906905064,0.15455219312000001,0.813607506,0.8454212305189867,0.08515911055834166,0.06941964709462091,0.11199920237379174,Healthy,Live_coral
IMSHE007_5A_IMG_9764.JPG,10,0.7805611993,0.0422784663038,0.06761623649099999,0.1095440706119,0.9256513829999999,0.8765860147570109,0.047479572800342006,0.07593440121244475,0.09967418761261576,Healthy,Live_coral
IMUAS001_05A_IMG_8723.JPG,10,0.894939578,0.0196454218876,0.079408189702,0.0060068156616,0.9536316250000001,0.9003477874592126,0.019764141138703162,0.0798880613416531,0.08977013191100469,Healthy,Live_coral
IMUAS004_SLP004_10B_IMG_0644.JPG,9,0.85923438,0.09046768990000001,0.027753778322222224,0.022544137996666668,0.8692121244444445,0.8790518495257257,0.0925542459426668,0.02839389430096645,0.07467101727229986,Healthy,Live_coral
RWA020_10B_IMG_3500.JPG,10,0.6439306806,0.0271093571714,0.0277670814235,0.301192857273,0.8852899219999999,0.9214712525069348,0.038793761595753685,0.03973497158721123,0.05913185238508807,Healthy,Live_coral
DAMAGE1_A_IMG_8677.JPG,10,0.889565133,0.009716769050479999,0.02390935501985,0.07680872758695001,0.914003035,0.9635762000034512,0.010525196020663572,0.025898593143893495,0.031161191154225283,Healthy,Live_coral
